{
    "Solution": {
        "ate": [
            -18.774965180782075
        ],
        "bte": [
            11.2981910552684
        ],
        "zte": [
            -0.04874706758650164
        ],
        "dzte": [
            0.013206806817708703
        ],
        "rup": [
            0.04683166644418982
        ],
        "xup": [
            0.28171755119927755
        ],
        "zup": [
            0.1582040995434358
        ],
        "zxxup": [
            -1.8542405684691314
        ],
        "rlo": [
            0.03260889262371134
        ],
        "xlo": [
            0.2438503340193423
        ],
        "zlo": [
            -0.06548493340611683
        ],
        "zxxlo": [
            0.7967679422385465
        ]
    },
    "Values": [
        -1.2394,
        0.02859
    ],
    "Population": {
        "ate": [],
        "bte": [],
        "zte": [],
        "dzte": [],
        "rup": [],
        "xup": [],
        "zup": [],
        "zxxup": [],
        "rlo": [],
        "xlo": [],
        "zlo": [],
        "zxxlo": []
    }
}