{
    "Solution": {
        "ate": [
            -29.58988567918147
        ],
        "bte": [
            6.528149773282632
        ],
        "zte": [
            -0.04263073911655889
        ],
        "dzte": [
            0.012415040110959329
        ],
        "rup": [
            0.05912276150666977
        ],
        "xup": [
            0.36648447311446164
        ],
        "zup": [
            0.17301390726053925
        ],
        "zxxup": [
            -1.392353046315113
        ],
        "rlo": [
            0.017361087161074224
        ],
        "xlo": [
            0.20212803317507225
        ],
        "zlo": [
            -0.0683808300352495
        ],
        "zxxlo": [
            1.714932974152214
        ]
    },
    "Values": [
        -1.5057,
        0.025
    ],
    "Population": {
        "ate": [],
        "bte": [],
        "zte": [],
        "dzte": [],
        "rup": [],
        "xup": [],
        "zup": [],
        "zxxup": [],
        "rlo": [],
        "xlo": [],
        "zlo": [],
        "zxxlo": []
    }
}