{
    "Solution": {
        "ate": [
            -22.154537440787323
        ],
        "bte": [
            5.913768825308255
        ],
        "dzte": [
            0.02163626091446676
        ],
        "rup": [
            0.09533290762485291
        ],
        "xup": [
            0.23685716612537142
        ],
        "zup": [
            0.22524855494011792
        ],
        "zxxup": [
            -3.912897631596562
        ],
        "rlo": [
            0.00019635962017718576
        ],
        "xlo": [
            0.27584469618864177
        ],
        "zlo": [
            -0.0198156907033479
        ],
        "zxxlo": [
            1.7866209517795693
        ]
    },
    "Values": [
        -1.3608,
        0.05423
    ],
    "Population": {
        "ate": [],
        "bte": [],
        "dzte": [],
        "rup": [],
        "xup": [],
        "zup": [],
        "zxxup": [],
        "rlo": [],
        "xlo": [],
        "zlo": [],
        "zxxlo": []
    }
}