{
    "Solution": {
        "ate": [
            -17.651391286004667
        ],
        "bte": [
            43.807831789005895
        ],
        "dzte": [
            0.011928186057367264
        ],
        "rup": [
            0.07698869260073406
        ],
        "xup": [
            0.37719450449715775
        ],
        "zup": [
            0.1712849199731404
        ],
        "zxxup": [
            -1.1403541864184616
        ],
        "rlo": [
            0.00455180661881675
        ],
        "xlo": [
            0.3069886546868281
        ],
        "zlo": [
            -0.3175267347934588
        ],
        "zxxlo": [
            4.506771270547425
        ]
    },
    "Values": [
        -1.3034,
        0.11624
    ],
    "Population": {
        "ate": [],
        "bte": [],
        "dzte": [],
        "rup": [],
        "xup": [],
        "zup": [],
        "zxxup": [],
        "rlo": [],
        "xlo": [],
        "zlo": [],
        "zxxlo": []
    }
}