{
    "Solution": {
        "ate": [
            -28.535859870069253
        ],
        "bte": [
            19.44073855270208
        ],
        "dzte": [
            0.029022564345667544
        ],
        "rup": [
            0.036347799029579256
        ],
        "xup": [
            0.3312340763497699
        ],
        "zup": [
            0.24462774717819608
        ],
        "zxxup": [
            -2.8515414078580483
        ],
        "rlo": [
            0.001266239770143075
        ],
        "xlo": [
            0.4739496333835035
        ],
        "zlo": [
            -0.029418515490702353
        ],
        "zxxlo": [
            5.274202216200201
        ]
    },
    "Values": [
        -1.5202,
        0.04385
    ],
    "Population": {
        "ate": [],
        "bte": [],
        "dzte": [],
        "rup": [],
        "xup": [],
        "zup": [],
        "zxxup": [],
        "rlo": [],
        "xlo": [],
        "zlo": [],
        "zxxlo": []
    }
}