{
    "Solution": {
        "ate": [
            -3.787340400339896
        ],
        "bte": [
            14.322974629816164
        ],
        "zte": [
            0.0006004522008495883
        ],
        "dzte": [
            0.0016254226634231372
        ],
        "rup": [
            0.01631211709719127
        ],
        "xup": [
            0.3383773849480663
        ],
        "zup": [
            0.09227533575538144
        ],
        "zxxup": [
            -0.6896238231684502
        ],
        "rlo": [
            0.011219004742612206
        ],
        "xlo": [
            0.1242813397923994
        ],
        "zlo": [
            -0.03067032023872612
        ],
        "zxxlo": [
            0.7928909908836276
        ]
    },
    "Values": [
        0.4419,
        0.01017
    ],
    "Population": {
        "ate": [],
        "bte": [],
        "zte": [],
        "dzte": [],
        "rup": [],
        "xup": [],
        "zup": [],
        "zxxup": [],
        "rlo": [],
        "xlo": [],
        "zlo": [],
        "zxxlo": []
    }
}