{
    "Solution": {
        "ate": [
            -27.539426162200982
        ],
        "bte": [
            23.839639260825532
        ],
        "dzte": [
            0.0332550065045466
        ],
        "rup": [
            0.03291039969636047
        ],
        "xup": [
            0.4157828507514994
        ],
        "zup": [
            0.22894729712546605
        ],
        "zxxup": [
            -1.8661296284211202
        ],
        "rlo": [
            0.00079680979259617
        ],
        "xlo": [
            0.28735043804147775
        ],
        "zlo": [
            -0.06056181209602165
        ],
        "zxxlo": [
            1.5137768174151929
        ]
    },
    "Values": [
        -1.3066,
        0.02835
    ],
    "Population": {
        "ate": [],
        "bte": [],
        "dzte": [],
        "rup": [],
        "xup": [],
        "zup": [],
        "zxxup": [],
        "rlo": [],
        "xlo": [],
        "zlo": [],
        "zxxlo": []
    }
}