{
    "Solution": {
        "ate": [
            -27.15323352568564
        ],
        "bte": [
            22.61085507661529
        ],
        "dzte": [
            0.033681550789124444
        ],
        "rup": [
            0.030484471090316566
        ],
        "xup": [
            0.43333488833844724
        ],
        "zup": [
            0.23065416020498408
        ],
        "zxxup": [
            -1.9036059696040821
        ],
        "rlo": [
            0.0013968536599351725
        ],
        "xlo": [
            0.28314293985960676
        ],
        "zlo": [
            -0.06353747337690835
        ],
        "zxxlo": [
            1.555192090663005
        ]
    },
    "Values": [
        -1.1476,
        0.03435
    ],
    "Population": {
        "ate": [],
        "bte": [],
        "dzte": [],
        "rup": [],
        "xup": [],
        "zup": [],
        "zxxup": [],
        "rlo": [],
        "xlo": [],
        "zlo": [],
        "zxxlo": []
    }
}