{
    "Solution": {
        "ate": [
            -28.18261397543731
        ],
        "bte": [
            29.9269303934155
        ],
        "zte": [
            0.022026509157468913
        ],
        "dzte": [
            0.02504139567153452
        ],
        "rup": [
            0.09594767588472865
        ],
        "xup": [
            0.3634933590490677
        ],
        "zup": [
            0.2894348048164465
        ],
        "zxxup": [
            -2.3952784475838333
        ],
        "rlo": [
            0.08763946251191689
        ],
        "xlo": [
            0.4927769934364298
        ],
        "zlo": [
            -0.336511226314671
        ],
        "zxxlo": [
            4.524660164129905
        ]
    },
    "Values": [
        -1.6798,
        0.12991
    ],
    "Population": {
        "ate": [],
        "bte": [],
        "zte": [],
        "dzte": [],
        "rup": [],
        "xup": [],
        "zup": [],
        "zxxup": [],
        "rlo": [],
        "xlo": [],
        "zlo": [],
        "zxxlo": []
    }
}