{
    "Solution": {
        "ate": [
            -24.534424418270277
        ],
        "bte": [
            9.475579010529362
        ],
        "dzte": [
            0.011571674553116727
        ],
        "rup": [
            0.07755122024867195
        ],
        "xup": [
            0.4047317266311836
        ],
        "zup": [
            0.2148078523943971
        ],
        "zxxup": [
            -1.4664028810819958
        ],
        "rlo": [
            0.06887676068983814
        ],
        "xlo": [
            0.2790698174621518
        ],
        "zlo": [
            -0.3476561603116148
        ],
        "zxxlo": [
            5.91763283448018
        ]
    },
    "Values": [
        -1.513,
        0.13282
    ],
    "Population": {
        "ate": [],
        "bte": [],
        "dzte": [],
        "rup": [],
        "xup": [],
        "zup": [],
        "zxxup": [],
        "rlo": [],
        "xlo": [],
        "zlo": [],
        "zxxlo": []
    }
}