{
    "Solution": {
        "ate": [
            -18.24420628432762
        ],
        "bte": [
            44.070003041887865
        ],
        "dzte": [
            0.012020910543128102
        ],
        "rup": [
            0.07289948946836991
        ],
        "xup": [
            0.3838940476318625
        ],
        "zup": [
            0.16309032675614596
        ],
        "zxxup": [
            -0.9924085302086348
        ],
        "rlo": [
            0.0032987835053856452
        ],
        "xlo": [
            0.30716638142385166
        ],
        "zlo": [
            -0.33260455106609554
        ],
        "zxxlo": [
            4.510171708905772
        ]
    },
    "Values": [
        -1.2297,
        0.12398
    ],
    "Population": {
        "ate": [],
        "bte": [],
        "dzte": [],
        "rup": [],
        "xup": [],
        "zup": [],
        "zxxup": [],
        "rlo": [],
        "xlo": [],
        "zlo": [],
        "zxxlo": []
    }
}