{
    "Solution": {
        "ate": [
            -9.9767149574107
        ],
        "bte": [
            7.238438325098202
        ],
        "zte": [
            0.0012825299530447865
        ],
        "dzte": [
            0.006040576669931852
        ],
        "rup": [
            0.013371577736111851
        ],
        "xup": [
            0.39172899834254493
        ],
        "zup": [
            0.09227831521739739
        ],
        "zxxup": [
            -0.6368230677066979
        ],
        "rlo": [
            0.0030155440010199786
        ],
        "xlo": [
            0.043777526112006575
        ],
        "zlo": [
            -0.010322007429235504
        ],
        "zxxlo": [
            3.2976182953833906
        ]
    },
    "Values": [
        0.6974,
        0.01347
    ],
    "Population": {
        "ate": [],
        "bte": [],
        "zte": [],
        "dzte": [],
        "rup": [],
        "xup": [],
        "zup": [],
        "zxxup": [],
        "rlo": [],
        "xlo": [],
        "zlo": [],
        "zxxlo": []
    }
}