{
    "Solution": {
        "ate": [
            -20.907795994476793
        ],
        "bte": [
            11.860480180542723
        ],
        "zte": [
            -0.04994002469619808
        ],
        "dzte": [
            0.013554768770060772
        ],
        "rup": [
            0.04457714162634393
        ],
        "xup": [
            0.2921509920023052
        ],
        "zup": [
            0.15203234799088755
        ],
        "zxxup": [
            -1.9269459879511304
        ],
        "rlo": [
            0.03330932220224919
        ],
        "xlo": [
            0.25309883918219983
        ],
        "zlo": [
            -0.07328115531709328
        ],
        "zxxlo": [
            0.6412312276710127
        ]
    },
    "Values": [
        -1.1943,
        0.02413
    ],
    "Population": {
        "ate": [],
        "bte": [],
        "zte": [],
        "dzte": [],
        "rup": [],
        "xup": [],
        "zup": [],
        "zxxup": [],
        "rlo": [],
        "xlo": [],
        "zlo": [],
        "zxxlo": []
    }
}