{
    "Solution": {
        "ate": [
            -12.059539348437614
        ],
        "bte": [
            43.42202734703158
        ],
        "dzte": [
            0.011767601808968887
        ],
        "rup": [
            0.06647816294935084
        ],
        "xup": [
            0.4237662874816918
        ],
        "zup": [
            0.1727629425900004
        ],
        "zxxup": [
            -1.1844446460495102
        ],
        "rlo": [
            0.013996121346411596
        ],
        "xlo": [
            0.41279270489925285
        ],
        "zlo": [
            -0.3464758304634893
        ],
        "zxxlo": [
            4.358081490935863
        ]
    },
    "Values": [
        -1.4313,
        0.12061
    ],
    "Population": {
        "ate": [],
        "bte": [],
        "dzte": [],
        "rup": [],
        "xup": [],
        "zup": [],
        "zxxup": [],
        "rlo": [],
        "xlo": [],
        "zlo": [],
        "zxxlo": []
    }
}